<?xml version="1.0" encoding="UTF-8" ?>
<!DOCTYPE mapper PUBLIC "-//mybatis.org//DTD Mapper 3.0//EN" 
	"http://mybatis.org/dtd/mybatis-3-mapper.dtd">

<mapper namespace="com.ssafy.vue.mapper.MemberMapper">

	<select id="login" parameterType="memberDto" resultType="memberDto">
		select username, userid, email
		from ssafy_member
		where userid = #{userid} and userpwd = #{userpwd}
	</select>
	
	<select id="userInfo" parameterType="String" resultType="memberDto">
		select username, userid, email, joindate
		from ssafy_member
		where userid = #{userid}
	</select>
	
	<insert id="registerMember" parameterType="MemberDto">
		insert into ssafy_member (userid, username, userpwd, email, joindate)
		values (#{userid}, #{username}, #{userpwd}, #{email}, now())
	</insert>
	
	<select id="idCheck" parameterType="string" resultType="int">
		select count(userid)
		from ssafy_member
		where userid = #{userid}
	</select>
	
	<!-- 회원정보삭제 -->
	<delete id="deleteUser" parameterType="String">
		delete 
		from ssafy_member 
		where userid = #{userid}
	</delete>
	
	<!-- 회원정보수정 -->
	<update id="updateUser" parameterType="MemberDto">
		update ssafy_member 
		   set email = #{email}, 
		   	   userpwd = #{userpwd}, 
		   	   username = #{username}
		 where userid = #{userid}
	</update>
	
	<!-- 관심지역 -->
	<select id="selectWord" resultType="WordDto">
		select word, count
		from wordcloud 
		order by count desc
	</select>
	
	
</mapper>