<?xml version="1.0" encoding="UTF-8" ?>
<!DOCTYPE mapper PUBLIC "-//mybatis.org//DTD Mapper 3.0//EN" 
	"http://mybatis.org/dtd/mybatis-3-mapper.dtd">

<mapper namespace="com.ssafy.vue.mapper.SanggwonMapper">

	<select id="getSido" resultType="sidoGugunCodeDto">
		select left(sidoCode,2) sidoCode, sidoName
		from sidocode
		order by sidoCode
	</select>
	
	<select id="getGugunInSido" parameterType="string" resultType="sidoGugunCodeDto">
		select left(gugunCode,5) gugunCode, gugunName
		from guguncode
		where left(gugunCode,2) = #{sido}
		order by gugunCode
	</select>
	<select id="getDongInGugun" parameterType="string" resultType="SanggwonDto">
		select distinct d.dongname as dongName, s.dongCode
		from sanggwon  s 
		inner join dongcode d
		on s.dongcode = d.dongcode
		where left(d.dongCode, 5) = #{gugun}
		order by dongName
	</select>
	<select id = "getSanggwonInDong" parameterType = "string" resultType = "SanggwonDto">
		select name, doroname, lat, lon,sidoname,sigunguname,type
		from sanggwon
		where dongcode = #{dongCode} and type = #{type}
		
	</select>
	
	
</mapper>